<application>
  <component name="FileTypeManager" version="18">
    <extensionMap>
      <mapping pattern="ANFKREDIT-4989.sql" type="AUTO_DETECTED" />
      <mapping pattern="lastRun" type="AUTO_DETECTED" />
      <mapping pattern="Oeffentliche" type="AUTO_DETECTED" />
      <mapping pattern="MGErzeugungElementTest.java" type="AUTO_DETECTED" />
      <mapping pattern="Eigene" type="AUTO_DETECTED" />
      <mapping pattern="README" type="AUTO_DETECTED" />
      <mapping pattern="HTTPProxyTest.java" type="AUTO_DETECTED" />
      <mapping ext="gradle.kts" type="Kotlin" />
      <mapping ext="main.kts" type="Kotlin" />
      <mapping ext="defaults" type="PLAIN_TEXT" />
      <mapping ext="cfg" type="PLAIN_TEXT" />
      <mapping ext="store" type="PLAIN_TEXT" />
      <mapping ext="properties_old" type="PLAIN_TEXT" />
      <mapping ext="properties_vib" type="PLAIN_TEXT" />
      <mapping ext="tdl" type="PLAIN_TEXT" />
      <removed_mapping ext="apk" approved="true" type="ARCHIVE" />
      <removed_mapping ext="pdf" approved="true" type="Native" />
      <removed_mapping ext="psd" approved="true" type="Image" />
      <removed_mapping ext="xml" approved="true" type="PLAIN_TEXT" />
      <removed_mapping pattern="HTTPProxyTest" approved="true" type="JAVA" />
    </extensionMap>
  </component>
</application>