<application>
  <component name="FindSettings">
    <option name="customScope" value="Project Files" />
    <option name="defaultScopeName" value="Project Files" />
    <option name="wholeWordsOnly" value="true" />
    <option name="WHOLE_WORDS_ONLY" value="true" />
    <option name="SEARCH_SCOPE" value="Project Files" />
    <option name="FILE_MASK" value="*.sql" />
    <mask>*.hbm.xml</mask>
    <mask>*.cfg.xml</mask>
    <mask>*.cfg</mask>
    <mask>*.gradle</mask>
    <mask>*.cfg.local</mask>
    <mask>*gradle</mask>
    <mask>*.xml</mask>
    <mask>sql</mask>
    <mask>*</mask>
    <mask>*.java</mask>
    <mask>*.sql</mask>
  </component>
</application>