<application>
  <component name="GlobalSettings">
    <option name="serverConfig">
      <ServerConfigImpl>
        <option name="url" value="https://jfrog-1/" />
        <option name="xrayUrl" value="https://jfrog-1/xray" />
        <option name="artifactoryUrl" value="https://jfrog-1/artifactory" />
        <policyType>VULNERABILITIES</policyType>
        <option name="project" value="" />
        <option name="watches" value="" />
        <excludedPaths>**/*{.idea,test,node_modules}*</excludedPaths>
        <connectionRetries>3</connectionRetries>
        <connectionTimeout>60</connectionTimeout>
      </ServerConfigImpl>
    </option>
  </component>
</application>