<application>
  <component name="UmlConfiguration">
    <option name="categories">
      <map>
        <entry id="Cdi" categories="@Inject;@Produces;@Decorator" />
        <entry id="DATABASE" categories="Key columns;Columns;Virtual foreign keys" />
        <entry id="DIFF" categories="Details" />
        <entry id="EntityBeans" categories="Properties;Embeddables;Superclasses" />
        <entry id="JAVA" categories="Show One To One;Show One To Many;Show Usages;Others" />
        <entry id="MODULES" categories="Libraries;Test dependencies;Show Paths: Root -&gt; Selection;Show Neighbours of Selected Nodes;Borderless View" />
        <entry id="Persistence" categories="Properties;Embeddables;Superclasses" />
        <entry id="QUERY_PLAN" categories="Attributes" />
        <entry id="SPRING" categories="Local context;Properties" />
        <entry id="SpringIntegration" categories="Show Labels" />
        <entry id="SpringLocalModels" categories="Show filesets as groups" />
        <entry id="SpringWebFlow" categories="Details;Events;Sub Flows" />
      </map>
    </option>
  </component>
</application>